Post #,Date,Day,Category,Title,Primary Keyword,Secondary Keywords,Word Count,Featured Snippet Target,Internal Links,CTA,Status
1,2026-01-01,Wed,How-To,The Ultimate Refinancing Checklist: 15 Steps to Success,refinancing checklist,"refinance steps, mortgage refinance process, how to refinance home",2500-3000,What documents do you need to refinance?,Break-even calculator; Rate Analysis,Download printable checklist PDF,Draft
2,2026-01-04,Sat,Rate Analysis,How to Know When Mortgage Rates Hit Your Break-Even Point,mortgage break-even point,"refinancing break-even, when to refinance, refinancing timing",2000-2500,How do you calculate refinancing break-even?,Refinancing checklist; Calculator tool,Try our break-even calculator,Draft
3,2026-01-07,Tue,Regional,Refinancing in the US: State-by-State Requirements Guide,refinancing by state,"state refinancing laws, mortgage refinance requirements",3000-3500,State requirements comparison table,How-To guides; Rate Analysis,Find rates in your state,Draft
4,2026-01-10,Fri,How-To,How to Calculate Your Break-Even Point in Under 5 Minutes,refinancing break-even calculator,"break-even point formula, refinancing math, calculate refinancing savings",1500-2000,Step-by-step numbered list,Full Rate Analysis; Checklist post,Use interactive calculator,Draft
5,2026-01-13,Mon,Regional,Refinancing in the UK: A Complete Guide for 2026,UK mortgage refinancing,"UK remortgage, British mortgage, refinancing England",3000-3500,What is remortgaging in the UK?,Other regional guides; Rate Analysis,Compare UK lenders,Draft
6,2026-01-16,Thu,Industry News,Fed Rate Decisions 2026: What Homeowners Need to Know,fed rate decision mortgage,"federal reserve mortgage rates, interest rate impact",1500-2000,Timeline or prediction list,Rate Analysis posts; Historical trends,Set rate alert,Draft
7,2026-01-19,Sun,How-To,Refinancing with Bad Credit: Strategies That Actually Work,refinancing bad credit,"low credit score refinancing, FHA streamline, subprime refinance",2500-3000,Can you refinance with bad credit?,Checklist; Case Studies,Check your options,Draft
8,2026-01-22,Wed,Regional,Canadian Mortgage Renewal vs US Refinancing: Key Differences,Canadian mortgage renewal,"Canada vs US mortgage, mortgage term Canada, refinancing Canada",2500-3000,Comparison table,US regional guide; Rate Analysis,Calculate Canadian renewal,Draft
9,2026-01-25,Sat,Rate Analysis,Historical Mortgage Rate Trends: 2000-2025 Analysis,mortgage rate history,"historical mortgage rates, rate trends, mortgage rate chart",3000-3500,Interactive chart embed,All Rate Analysis posts,See current rates,Draft
10,2026-01-28,Tue,Case Study,How the Martinez Family Saved $42000 by Timing Their Refi,refinancing success story,"refinancing case study, real refinancing example, refinance savings",2000-2500,Summary box with key stats,How-To guides; Calculator,Calculate your savings,Draft
11,2026-01-31,Fri,How-To,Cash-Out Refinancing: When It Makes Sense (And When It Doesn't),cash-out refinancing,"cash-out refi pros cons, home equity refinance, cash-out vs HELOC",2500-3000,Pros/cons list,Rate Analysis; Calculator,Estimate your equity,Draft
12,2026-02-03,Mon,Regional,Australia's Fixed-Rate Cliff: Should You Refinance Now?,Australia refinancing,"Australian mortgage, fixed rate cliff, Aussie home loan refinance",2500-3000,Decision flowchart,Other APAC regional guides,Compare Australian lenders,Draft
13,2026-02-06,Thu,Rate Analysis,The Hidden Cost of Waiting: Rate Opportunity Cost Calculator,refinancing opportunity cost,"waiting to refinance, refinancing timing cost, delayed refinancing",2000-2500,Calculator explanation,Break-even posts; Case Studies,Calculate opportunity cost,Draft
14,2026-02-09,Sun,How-To,Refinancing vs Recasting: Which Is Right for You?,refinancing vs recasting,"mortgage recast, loan recasting, refinance or recast",2000-2500,Comparison table,How-To guides; Calculator,Explore your options,Draft
15,2026-02-12,Wed,Industry News,2026 Housing Market Predictions: Impact on Refinancing,housing market refinancing,"2026 housing forecast, real estate market refinance, home values 2026",2000-2500,Prediction list,Rate Analysis; Regional guides,Set market alert,Draft
16,2026-02-15,Sat,Regional,EU Mortgage Markets: Which Countries Offer the Best Refi Deals?,EU mortgage refinancing,"Europe refinancing, European mortgage rates, EU remortgage",3500-4000,Country comparison table,Germany guide; Ireland guide,Compare EU rates,Draft
17,2026-02-18,Tue,How-To,How to Lock Your Mortgage Rate at the Perfect Time,mortgage rate lock,"rate lock timing, lock rate strategy, float vs lock",2000-2500,How long can you lock a rate?,Rate Analysis; Seasonal patterns,Get rate lock quote,Draft
18,2026-02-21,Fri,Rate Analysis,ARM vs Fixed Rate in 2026: The Data-Driven Decision,ARM vs fixed rate,"adjustable rate mortgage 2026, ARM refinance, fixed vs variable",2500-3000,Decision matrix,Historical rates; Calculator,Compare loan types,Draft
19,2026-02-24,Mon,Regional,Refinancing in Germany: Navigating the Bausparkasse System,Germany mortgage refinancing,"Bausparkasse, German mortgage, Umschuldung",2500-3000,System explanation,EU overview; European guides,Find German lenders,Draft
20,2026-02-27,Thu,Case Study,From 7.5% to 5.9%: A First-Time Refinancer's Journey,first time refinancing,"refinancing journey, refinance experience, first refi story",2000-2500,Timeline infographic,Checklist; How-To guides,Start your journey,Draft
21,2026-03-02,Sun,How-To,Refinancing After Divorce: Protecting Your Financial Future,refinancing after divorce,"divorce mortgage, remove spouse mortgage, divorce refinance",2500-3000,Can you refinance after divorce?,Bad credit guide; Checklist,Explore divorce refi options,Draft
22,2026-03-05,Wed,Regional,New Zealand Mortgage Market: Refi Opportunities for Kiwis,New Zealand refinancing,"NZ mortgage, Kiwi home loan, New Zealand remortgage",2500-3000,Market overview table,Australia guide; APAC content,Compare NZ lenders,Draft
23,2026-03-08,Sat,Industry News,Mortgage Lender Consolidation: What It Means for Borrowers,mortgage lender news,"mortgage industry, lender mergers, mortgage market changes",1500-2000,Impact summary list,Rate Analysis; How-To guides,Find top lenders,Draft
24,2026-03-11,Tue,Rate Analysis,Seasonal Mortgage Rate Patterns: When to Strike,seasonal mortgage rates,"best time refinance, mortgage rate patterns, seasonal refinancing",2500-3000,Month-by-month chart,Historical analysis; Rate lock guide,Set seasonal alert,Draft
25,2026-03-14,Fri,Regional,Ireland's Mortgage Market: Breaking Free from High Rates,Ireland refinancing,"Irish mortgage, Ireland home loan, switching mortgage Ireland",2500-3000,Lender comparison,EU overview; UK guide,Compare Irish rates,Draft
26,2026-03-17,Mon,How-To,Refinancing Investment Properties: Maximize Your ROI,investment property refinancing,"rental property refinance, investor refinancing, DSCR loans",2500-3000,ROI calculation steps,Cash-out guide; Case Studies,Calculate investment ROI,Draft
27,2026-03-20,Thu,Regional,Singapore Home Loans: Refinancing in a City-State Market,Singapore refinancing,"Singapore HDB loan, Singapore mortgage, SG home loan refinance",2500-3000,HDB vs private comparison,APAC guides; Rate Analysis,Compare Singapore lenders,Draft
28,2026-03-23,Sun,Case Study,The $200/Month Savings: How Data-Driven Timing Paid Off,refinancing savings,"monthly savings refinance, refinancing success, timing refinance",2000-2500,Savings breakdown,Calculator; Rate Analysis,Find your savings,Draft
29,2026-03-26,Wed,Rate Analysis,Q1 2026 Rate Review: What We Learned and What's Next,mortgage rate review 2026,"quarterly rate analysis, mortgage trends Q1, rate outlook",2500-3000,Key takeaways list,All Q1 content; Predictions post,Subscribe for updates,Draft
30,2026-03-31,Mon,Industry News,Spring 2026 Refinancing Outlook: Expert Predictions,refinancing outlook 2026,"spring refinancing, mortgage forecast, refinance predictions",2000-2500,Expert quote highlights,Rate Analysis; Q1 Review,Set rate alert,Draft
